rsid	region	chr_pos	chr_id	p_value	mapped_gene	logp	cumulative_pos
rs559047	1q43	238590616	1	4e-06	KRT18P32 - NA	12.429216196844385	238590616
rs2990510	1q31.3	197051528	1	6e-06	F13B	12.02375108873622	197051528
rs2153977	1p13.2	113537449	1	4e-07	MAGI3	14.73180128983843	113537449
rs2358994	1p13.2	113886839	1	2e-11	AP4B1-AS1, BCL2L15	24.63528884237456	113886839
rs2476601	1p13.2	113834946	1	1e-07	PTPN22	16.118095650958317	113834946
rs1983853	1p22.3	84845509	1	2e-06	LPAR3	13.122363377404328	84845509
rs2269241	1p31.3	63643100	1	4e-07	PGM1	14.73180128983843	63643100
rs7528684	1q23.1	157701026	1	8e-09	FCRL3 - VDAC1P9	18.643824295266576	157701026
rs6679677	1p13.2	113761186	1	2e-06	PHTF1 - RSBN1	13.122363377404328	113761186
rs28600853	1p36.32	2863195	1	6e-06	TTC34 - NA	12.02375108873622	2863195
rs138760780	1q32.1	205515245	1	9e-06	CDK18	11.618285980628055	205515245
rs6691977	1q32.1	200845831	1	4e-08	CAMSAP2	17.034386382832473	200845831
rs3024505	1q32.1	206766559	1	6e-08	Y_RNA - IL10	16.62892127472431	206766559
rs17407280	1p36.12	20693912	1	7e-06	KIF17	11.86960040890896	20693912
rs10919543	1q23.3	161538827	1	6e-06	RPS23P10 - FCGR3A	12.02375108873622	161538827
rs7524087	1q32.3	212470318	1	8e-06	LINC02771	11.736069016284436	212470318
rs10751776	1p36.11	24970252	1	3e-08	RUNX3 - MIR4425	17.322068455284256	24970252
rs574384	1p34.3	35622060	1	2e-08	PSMB2	17.72753356339242	35622060
rs12742756	1p34.3	37881745	1	4e-08	INPP5B	17.034386382832473	37881745
rs855330	1p31.3	63648218	1	5e-11	PGM1	23.7189981105004	63648218
rs1493696	1p12	119962909	1	8e-09	NOTCH2	18.643824295266576	119962909
rs570794153	1q31.3	198629260	1	4e-11	ATP6V1G3 - PTPRC	23.942141661814613	198629260
rs12128789	1q32.3	212679490	1	4e-09	LINC02773 - BATF3	19.33697147582652	212679490
rs34090353	1p22.1	92358141	1	1e-08	RPAP2	18.420680743952364	92358141
rs2229238	1q21.3	154465420	1	1e-12	IL6R	27.63102111592855	154465420
rs2641348	1p12	119895261	1	2e-08	ADAM30	17.72753356339242	119895261
rs78037977	1q24.3	172746562	1	2e-09	FASLG - SLC25A38P1	20.030118656386463	172746562
rs2816313	1q31.2	192570207	1	5e-09	NA - RGS1	19.11382792451231	192570207
rs11120029	1q32.3	212796238	1	2e-08	TATDN3	17.72753356339242	212796238
rs857786	1q23.1	158815304	1	6e-09	OR10AA1P - MNDA	18.93150636771836	158815304
rs114721354		182869236	1	4e-08		17.034386382832473	182869236
rs61343935		102495801	1	3e-08		17.322068455284256	102495801
rs191521884		221898846	1	3e-08		17.322068455284256	221898846
rs559043037		78372988	1	3e-08		17.322068455284256	78372988
rs79236527		63633409	1	2e-08		17.72753356339242	63633409
rs386630424		37781423	1	6e-16		35.04960201867667	37781423
rs34349547		37891198	1	1e-19		43.74911676688687	37891198
rs998500		151853237	1	3e-08		17.322068455284256	151853237
rs1569836568		37812907	1	6e-14		30.444431832688583	37812907
rs836589	2q31.1	172628350	2	2e-06	PDK1 - RAPGEF4-AS1	13.122363377404328	411218966
rs478222	2p23.3	25078886	2	4e-09	EFR3B	19.33697147582652	263669502
rs6547853	2p23.2	28423934	2	8e-07	FOSL2 - PLB1	14.038654109278484	267014550
rs4972593	2q31.1	173598126	2	4e-08		17.034386382832473	412188742
rs3087243	2q33.2	203874196	2	8e-11	CTLA4 - ICOS	23.24899448125467	442464812
rs2165738	2p23.3	24469940	2	4e-06	ITSN2 - NCOA1	12.429216196844385	263060556
rs9653442	2q11.2	100208905	2	5e-06	LINC01104	12.206072645530174	338799521
rs7588550	2q34	212304043	2	2e-07	ERBB4	15.424948470398377	450894659
rs7583877	2q11.2	99844192	2	3e-07	AFF3	15.01948336229021	338434808
rs1534422	2p24.3	12500615	2	2e-06	MIR3681HG	13.122363377404328	251091231
rs1990760	2q24.2	162267541	2	7e-09	IFIH1	18.7773556878911	400858157
rs181176493	2q36.1	223293148	2	2e-07	RN7SL807P - NA	15.424948470398377	461883764
rs70962766	2p15	62179865	2	5e-07	COMMD1 - B3GNT2	14.50865773852422	300770481
rs1344228	2q14.3	123529348	2	8e-06		11.736069016284436	362119964
rs17206992	2q24.1	154368670	2	6e-06	GALNT13	12.02375108873622	392959286
rs113517532	2q31.1	176780863	2	2e-06	LINC01117	13.122363377404328	415371479
rs13415583	2q11.2	100147625	2	1e-07	AFF3	16.118095650958317	338738241
rs4849135	2q13	110857502	2	4e-08	ACOXL	17.034386382832473	349448118
rs2111485	2q24.2	162254026	2	4e-18	FAP - IFIH1	40.06023731277293	400844642
rs35667974	2q24.2	162268127	2	9e-09	IFIH1	18.526041259610192	400858743
rs72871627	2q24.2	162280432	2	2e-06	IFIH1	13.122363377404328	400871048
rs77155259	2q24.2	161647730	2	2e-06	SLC4A10	13.122363377404328	400238346
rs1881146	2p24.3	12494668	2	5e-08	MIR3681HG	16.811242831518264	251085284
rs12464462	2p16.1	60409281	2	9e-10	MIR4432HG	20.828626352604235	298999897
rs13018977	2q37.3	241338592	2	2e-08	SEPTIN2	17.72753356339242	479929208
rs10169963	2p24.3	12512805	2	3e-08	MIR3681HG	17.322068455284256	251103421
rs12712067	2q11.2	100147438	2	4e-09	AFF3	19.33697147582652	338738054
rs7582694	2q32.3	191105394	2	3e-09	STAT4	19.624653548278303	429696010
rs10933559	2q37.3	241468331	2	3e-11	FARP2	24.229823734266397	480058947
rs555206121		217759606	2	4e-08		17.034386382832473	456350222
rs896487664		25865493	2	5e-09		19.11382792451231	264456109
rs34800387		137009624	2	4e-11		23.942141661814613	375600240
rs520449		134538048	2	3e-52		118.63581254702228	373128664
rs6723108		134722410	2	3e-57		130.1487380119925	373313026
rs6430545		134845031	2	1e-58		133.54993539365466	373435647
rs1979033		134947988	2	4e-14		30.849896940796743	373538604
rs62168795		135671796	2	6.0000000000000005e-117		267.6106964110753	374262412
rs6730157		135149518	2	1e-116		267.0998707873093	373740134
rs1219701875		135571320	2	7e-114		260.5487904522659	374161936
rs6709525		135403522	2	2.0000000000000002e-21		47.66113977231502	373994138
rs4954387		136026774	2	9.999999999999999e-92		209.53524346245817	374617390
rs935613		135265228	2	2.0000000000000002e-75		172.00073479399347	373855844
rs28815269		136221960	2	4e-16		35.45506712678484	374812576
rs1962386		41913324	2	2.0000000000000002e-28		63.779235423273335	280503940
rs185443605		25772946	2	8e-06		11.736069016284436	264363562
rs185135749		60197190	2	2e-09		20.030118656386463	298787806
rs842353		134585720	2	5e-10		21.416413017506358	373176336
rs10171677		134688820	2	7e-12		25.68511096687324	373279436
rs1375131		135197227	2	4e-22		49.27057768474912	373787843
rs6739713		135731408	2	4e-14		30.849896940796743	374322024
rs12465802		135623778	2	8.000000000000001e-23		50.88001559718322	374214394
rs7570971		135080336	2	9.000000000000001e-23		50.76223256152684	373670952
rs6735329		135516008	2	9.000000000000001e-21		46.15706237553874	374106624
rs2016636		135301250	2	3e-15		33.44016410624258	373891866
rs13404551		135964425	2	7e-16		34.89545133884941	374555041
rs10928520		134846613	2	2e-13		29.24045902836265	373437229
rs6544495		41910220	2	6e-09		18.93150636771836	280500836
rs140423469		117481369	2	4e-08		17.034386382832473	356071985
rs143757929		62744832	2	1e-08		18.420680743952364	301335448
rs9810233	3q13.11	105292046	3	7e-07	NA - ALCAM	14.172185501903009	585350993
rs950146	3p22.2	36638607	3	4e-06	NBPF21P - RN7SKP227	12.429216196844385	516697554
rs9850225	3p12.2	80816613	3	5e-06	LINC02050 - NA	12.206072645530174	560875560
rs11705721	3p14.3	58414687	3	9e-06	PXK	11.618285980628055	538473634
rs73018809	3p25.1	13329174	3	2e-07	NUP210	15.424948470398377	493388121
rs28641753	3q13.11	104256574	3	2e-07		15.424948470398377	584315521
rs113010081	3p21.31	46415921	3	5e-08	CCRL2 - LINC02009	16.811242831518264	526474868
rs111821448	3q13.2	111874722	3	5e-06	PHLDB2	12.206072645530174	591933669
rs553806124		27921000	3	1e-08		18.420680743952364	507979947
rs144520550		114257954	3	5e-08		16.811242831518264	594316901
rs62251992		57259774	3	4e-16		35.45506712678484	537318721
rs36146296		57373867	3	6e-17		37.35218711167072	537432814
rs4688508		64734347	3	1e-16		36.841361487904734	544793294
rs11130569		57041866	3	4e-09		19.33697147582652	537100813
rs60701868		57295247	3	2e-08		17.72753356339242	537354194
rs9870517		64722924	3	6e-09		18.93150636771836	544781871
rs1480207964		57269656	3	4e-09		19.33697147582652	537328603
rs11725853	4q34.1	174721548	4	8e-07	GLRA3	14.038654109278484	769038449
rs7679475	4q27	121392885	4	4e-10	QRFPR - TUBB4BP5	21.639556568820563	715709786
rs11723864	4q34.1	173653255	4	7e-07	HAND2-AS1	14.172185501903009	767970156
rs4505848	4q27	122211337	4	5e-13	KIAA1109	28.32416829648849	716528238
rs10517086	4p15.2	26083889	4	5e-10	LINC02357	21.416413017506358	620400790
rs17388568	4q27	122408207	4	6e-06	ADAD1	12.02375108873622	716725108
rs2069762	4q27	122456825	4	5e-07	IL2 - NA	14.50865773852422	716773726
rs78031527	4p16.1	6169503	4	5e-06	JAKMIP1, C4orf50	12.206072645530174	600486404
rs75793288	4q27	122322441	4	6e-13	KIAA1109	28.14184673969454	716639342
rs2611215	4q32.3	165653115	4	2e-11	NA - LINC01179	24.63528884237456	759970016
rs139881548	4p12	46372280	4	7e-06	GABRA2	11.86960040890896	640689181
rs34740712	4q32.3	165916328	4	5e-06	TLL1	12.206072645530174	760233229
rs12644686	4q35.1	184381748	4	2e-08	LINC02362	17.72753356339242	778698649
rs113881148	4p16.3	973543	4	6e-09	DGKQ	18.93150636771836	595290444
rs337637	4p14	38602849	4	3e-10	KLF3-AS1	21.927238641272343	632919750
rs13147255	4q28.1	124578751	4	1e-08	LINC02516 - ANKRD50	18.420680743952364	718895652
rs146172950		105683278	4	2e-08		17.72753356339242	700000179
rs186775995		24259293	4	4e-08		17.034386382832473	618576194
rs34459306		92954497	4	4e-08		17.034386382832473	687271398
rs28720060		137228466	4	1e-08		18.420680743952364	731545367
rs1445898	5p13.2	35910427	5	8e-06	CAPSL	11.736069016284436	814609076
rs6897932	5p13.2	35874473	5	8e-06	IL7R	11.736069016284436	814573122
rs574480779	5q33.2	155011321	5	9e-07	MRPL22 - KIF4B	13.9208710736221	933709970
rs143537377	5p15.2	10500534	5	8e-06	LINC02212	11.736069016284436	789199183
rs115829748	5q13.2	72098560	5	1e-09	NA - MAP1B	20.72326583694641	850797209
rs11954020	5p13.2	35883149	5	4e-08	IL7R - CAPSL	17.034386382832473	814581798
rs4513644	5q11.2	57837318	5	8e-07	NA - LINC02225	14.038654109278484	836535967
rs114378220	5q22.1	111230662	5	5e-09	CAMK4	19.11382792451231	889929311
rs766751473	5q31.1	132431072	5	1e-08	IRF1-AS1	18.420680743952364	911129721
rs1876142	5p13.1	40521603	5	2e-14	TTC33	31.543044121356694	819220252
rs10213692	5q11.2	56146422	5	3e-09	ANKRD55	19.624653548278303	834845071
rs11959635		6893947	5	8e-07		14.038654109278484	785592596
rs4704666		80384899	5	5e-08		16.811242831518264	859083548
rs75205348		81431680	5	3e-10		21.927238641272343	860130329
rs9260151	6p22.1	29943253	6	8e-08	HLA-A	16.34123920227253	963653223
rs61211515	6p22.1	30133199	6	2e-06	TRIM31-AS1 - TRIM40	13.122363377404328	963843169
rs3135002	6p21.32	32700662	6	7e-08	HLA-DQB1 - MTCO3P1	16.474770594897052	966410632
rs6931865	6q24.2	143758717	6	4e-06	PHACTR2	12.429216196844385	1077468687
rs924043	6q27	170063801	6	8e-09		18.643824295266576	1103773771
rs2524054	6p21.33	31284619	6	6.000000000000001e-21	RPL3P2 - WASF5P	46.5625274836469	964994589
rs2523989	6p22.1	30110498	6	2e-08	TRIM31, TRIM31-AS1	17.72753356339242	963820468
rs886424	6p21.33	30814225	6	3e-14	LINC00243	31.13757901324853	964524195
rs2251396	6p21.33	31396930	6	1e-22	HLA-S - MICA	50.65687204586901	965106900
rs2857595	6p21.33	31600692	6	2.0000000000000002e-23	NCR3 - UQCRHP1	52.266309958303104	965310662
rs1270942	6p21.33	31951083	6	5e-25	CFB	55.95518941241704	965661053
rs1980493	6p21.32	32395438	6	2e-20	TSBP1-AS1, BTNL2	45.35855467932097	966105408
rs1015166	6p21.32	32830954	6	4e-22	TAP2	49.27057768474912	966540924
rs9272346	6p21.32	32636595	6	6.000000000000001e-129	HLA-DQA1	295.2417175270038	966346565
rs2647044	6p21.32	32700133	6	1e-16	HLA-DQB1 - MTCO3P1	36.841361487904734	966410103
rs3757247	6q15	90247744	6	1e-06	BACH2	13.815510557964274	1023957714
rs9388489	6q22.32	126377573	6	4e-13	CENPW - NA	28.547311847802703	1060087543
rs9268645	6p21.32	32440750	6	1e-100	HLA-DRA	230.25850929940455	966150720
rs11755527	6q15	90248512	6	1e-06	BACH2	13.815510557964274	1023958482
rs73043122	6q27	166969779	6	4e-06	RNASET2 - MIR3939	12.429216196844385	1100679749
rs138181578	6p21.1	45758094	6	7e-07	RUNX2 - NA	14.172185501903009	979468064
rs9354144	6q16.1	94847753	6	6e-06		12.02375108873622	1028557723
rs72928038	6q15	90267049	6	6e-14	BACH2	30.444431832688583	1023977019
rs1538171	6q22.32	126431738	6	7e-10	CENPW - MIR588	21.079940780885146	1060141708
rs114631266	6p22.1	29058810	6	2e-06	OR2W1 - OR2P1P	13.122363377404328	962768780
rs2471863	6p22.1	29931850	6	8e-07	HLA-K - HLA-U	14.038654109278484	963641820
rs34941730	6p22.1	29946109	6	2e-09	HLA-A - HLA-W	20.030118656386463	963656079
rs45626136	6p22.1	30345252	6	1e-06	RPP21, TRIM39-RPP21	13.815510557964274	964055222
rs116020851	6p21.33	30954755	6	3e-07	HCG21, SFTA2	15.01948336229021	964664725
rs1265057	6p21.33	31110838	6	2e-06	RNU6-1133P - C6orf15	13.122363377404328	964820808
rs116763857	6p21.33	31173705	6	1e-14	POU5F1	32.23619130191664	964883675
rs9264758	6p21.33	31280657	6	3e-07	RPL3P2	15.01948336229021	964990627
rs9501130	6p21.33	31449679	6	2e-11	LINC01149 - HCP5	24.63528884237456	965159649
rs3093664	6p21.33	31576865	6	3e-07	TNF	15.01948336229021	965286835
rs3134938	6p21.32	32238711	6	8e-07	NOTCH4 - TSBP1-AS1	14.038654109278484	965948681
rs926592	6p21.32	32337881	6	6e-06	TSBP1-AS1, TSBP1	12.02375108873622	966047851
rs3135365	6p21.32	32421478	6	9e-06	TSBP1-AS1 - HLA-DRA	11.618285980628055	966131448
rs9268576	6p21.32	32427864	6	2e-08	TSBP1-AS1 - HLA-DRA	17.72753356339242	966137834
rs7760731	6p21.32	32615624	6	6e-11	HLA-DRB1 - HLA-DQA1	23.53667655370645	966325594
rs9275358	6p21.32	32700118	6	3e-07	HLA-DQB1 - MTCO3P1	15.01948336229021	966410088
rs35122968	6p21.32	32714422	6	4e-11	MTCO3P1 - HLA-DQB3	23.942141661814613	966424392
rs3997848	6p21.32	32714617	6	2e-14	MTCO3P1 - HLA-DQB3	31.543044121356694	966424587
rs241427	6p21.32	32836637	6	4e-06	TAP2	12.429216196844385	966546607
rs4148870	6p21.32	32838614	6	2e-06	TAP2	13.122363377404328	966548584
rs3128930	6p21.32	33107889	6	7e-06	COL11A2P1 - HLA-DPB2	11.86960040890896	966817859
rs78824139	6q12	64748694	6	9e-06	EYS	11.618285980628055	998458664
rs1050979	6p25.3	410417	6	6e-14	IRF4	30.444431832688583	934120387
rs9405661	6p25.3	424915	6	2e-09	IRF4 - EXOC2	20.030118656386463	934134885
rs12665429	6q23.3	137682468	6	1e-13	NA - LINC02539	29.933606208922598	1071392438
rs212408	6q25.3	159049210	6	1e-15	TAGAP-AS1	34.538776394910684	1092759180
rs567939777		46032617	6	9e-06		11.618285980628055	979742587
rs541715332		8311442	6	6e-09		18.93150636771836	942021412
rs71549272		32535377	6	2e-306		703.897891275618	966245347
rs56098412		32911694	6	6e-63		143.27110138939682	966621664
rs3130614		31508681	6	3e-80		183.10819515085552	965218651
rs3132450		31628361	6	3.0000000000000003e-89		203.831460987802	965338331
rs376621269		31799896	6	2e-90		206.53951118890416	965509866
rs1150752		32096949	6	1e-90		207.2326583694641	965806919
rs558702		31902549	6	9e-92		209.640603978116	965612519
rs1257631742		32809144	6	9e-89		202.73284869913385	966519114
rs1265757		32334605	6	4e-102		233.4773851242728	966044575
rs3130297		32231204	6	4e-106		242.68772549624896	965941174
rs9269032		32469977	6	4e-108		247.29289568223703	966179947
rs1794282		32698749	6	7.000000000000002e-110		251.3384500802897	966408719
rs71557351		26835246	6	5e-11		23.7189981105004	960545216
rs13207365		27063201	6	2.9999999999999997e-96		219.94955663876027	960773171
rs4713614		33160210	6	2e-151		346.99720186154093	966870180
rs116418977		25365660	6	5e-41		92.79655090032178	959075630
rs6930376		31275040	6	1.9999999999999999e-286		657.8461894157372	964985010
rs430133		29683408	6	2.0000000000000002e-60		137.46195839908282	963393378
rs9260324		29949300	6	2e-44		100.62059691117808	963659270
rs1425018091		26732200	6	2.0000000000000002e-28		63.779235423273335	960442170
rs68006638		25710343	6	7.000000000000001e-23		51.013546989807736	959420313
rs1462821813		30964532	6	2.0000000000000003e-202		464.4290416042373	964674502
rs35789010		25513951	6	3e-23		51.860844850194944	959223921
rs1170010108		27883876	6	2e-102		234.1705323048327	961593846
rs13201341		25822433	6	1.0000000000000001e-71		163.48354160257725	959532403
rs3884025		25929860	6	7.000000000000001e-73		166.14280163951005	959639830
rs6904596		27523520	6	2e-96		220.35502174686843	961233490
rs34888489		26073147	6	9e-24		53.06481765452088	959783117
rs34961555		26199675	6	3e-79		180.8056100578615	959909645
rs35768595		27174125	6	9.000000000000001e-87		198.12767851314575	960884095
rs35715914		27624224	6	4e-90		205.8463640083442	961334194
rs13220522		26316067	6	2.9999999999999997e-83		190.0159504298377	960026037
rs13191786		28309894	6	2.9999999999999998e-92		210.73921626678407	962019864
rs13195401		26463346	6	6e-87		198.53314362125397	960173316
rs71206067		26935600	6	1e-31		71.3801378828154	960645570
rs13202295		27731058	6	5.999999999999998e-91		207.7434839932301	961441028
rs13198716		26581807	6	1e-31		71.3801378828154	960291777
rs398110012		28429899	6	8e-94		214.3635571997605	962139869
rs71559067		28026638	6	3e-94		215.34438645277217	961736608
rs35044849		28699892	6	2.9999999999999997e-96		219.94955663876027	962409862
rs13217984		28171932	6	7e-95		216.79967368537905	961881902
rs3130831		29215110	6	9e-99		225.7586996290743	962925080
rs866264659		29100913	6	4e-99		226.56962984529065	962810883
rs9258375		29785031	6	5e-42		95.0991359933158	963495001
rs413670		29558785	6	7e-108		246.73327989430163	963268755
rs8321		30064745	6	2e-113		259.4989683277672	963774715
rs3131071		28939145	6	7.0000000000000015e-43		97.06524884968864	962649115
rs3131337		28828294	6	4e-117		268.01616151918347	962538264
rs2517609		30202510	6	4e-125		286.4368422631358	963912480
rs9257809		29388554	6	6e-45		101.824569715504	963098524
rs1222508183		30569095	6	4.0000000000000006e-132		302.5549379140941	964279065
rs9262143		30685004	6	2e-133		305.5506701876481	964394974
rs3819720		32836793	6	9.000000000000001e-273		626.4085058100383	966546763
rs3094053		30387407	6	2e-151		346.99720186154093	964097377
rs1405122185		30801949	6	1e-271		624.0005602013864	964511919
rs2523466		31395249	6	3e-279		641.3226286566706	965105219
rs3094669		31135418	6	2e-219		503.57298818513607	964845388
rs11229		31635993	6	1e-302		695.3806980842018	965345963
rs1150757		32061428	6	6.999999999999999e-285		654.2908413542477	965771398
rs869165433		32234432	6	1.0000000000000001e-305		702.2884533631839	965944402
rs116647495		33647094	6	4e-08		17.034386382832473	967357064
rs150420498		33489728	6	2e-108		247.98604286279695	967199698
rs115337486		33387741	6	2e-108		247.98604286279695	967097711
rs3806155		32405601	6	4e-308		707.8099142810462	966115571
rs62425513		127756593	6	4e-08		17.034386382832473	1061466563
rs72887765		33301993	6	3e-09		19.624653548278303	967011963
rs113196564		33464895	6	3e-10		21.927238641272343	967174865
rs35477995		32596935	6	3e-28		63.37377031516517	966306905
rs2855448		33168798	6	3e-16		35.74274919923662	966878768
rs62392365		25371141	6	1e-09		20.72326583694641	959081111
rs34676049		28485841	6	4.0000000000000004e-39		88.41452426564788	962195811
rs13198809		28355925	6	4.0000000000000004e-39		88.41452426564788	962065895
rs3117342		29238474	6	6e-43		97.21939952951593	962948444
rs35243068		28705657	6	4e-41		93.01969445163596	962415627
rs1259270189		29051468	6	3e-42		95.6099616170818	962761438
rs1233488		29499942	6	2e-43		98.31801181818402	963209912
rs3094067		30331468	6	2e-47		107.5283521901602	964041438
rs3132645		30441472	6	1e-52		119.73442483569038	964151442
rs1970		30157766	6	1e-51		117.43183974269634	963867736
rs3130658		30733315	6	7.000000000000001e-56		126.99885505861126	964443285
rs3132610		30576624	6	1e-57		131.2473503006606	964286594
rs2517578		30843488	6	2e-62		142.06712858507086	964553458
rs1632863		31000992	6	2.0000000000000003e-64		146.672298771059	964710962
rs1793894		31229085	6	2.0000000000000002e-75		172.00073479399347	964939055
rs3130985		31117579	6	6e-72		163.99436722634323	964827549
rs1451199489		31348918	6	9e-76		172.79924249021124	965058888
rs55834529		27104763	6	7.000000000000001e-32		71.73681282675416	960814733
rs888169813		27559448	6	2.0000000000000003e-34		77.59474598123761	961269418
rs34196306		27457865	6	1.9999999999999998e-32		72.98957579524952	961167835
rs72839445		27281907	6	7e-33		74.0393979197482	960991877
rs34788973		27911422	6	2e-35		79.89733107423166	961621392
rs35952432		28107123	6	5e-36		81.28362543535155	961817093
rs13205211		28235278	6	5.0000000000000005e-37		83.58621052834559	961945248
rs3115631		30018547	6	3e-42		95.6099616170818	963728517
rs3131856		29639324	6	4e-42		95.32227954463004	963349294
rs17214290		33020111	6	1e-12		27.63102111592855	966730081
rs13211947		25864590	6	2e-22		49.96372486530906	959574560
rs55706012		26266083	6	8e-27		60.0903559691594	959976053
rs35927079		27700521	6	4e-33		74.59901370768361	961410491
rs75782365		26408323	6	4e-31		69.99384352169552	960118293
rs13195728		27803328	6	6e-34		76.4961336925695	961513298
rs550448	7p15.1	28189423	7	5e-07	JAZF1-AS1	14.50865773852422	1131963194
rs4948088	7p12.1	50959497	7	4e-08	NA - COBL	17.034386382832473	1154733268
rs7804356	7p15.2	26852046	7	5e-09	SKAP2	19.11382792451231	1130625817
rs62447205	7p12.2	50398132	7	3e-08	IKZF1	17.322068455284256	1154171903
rs10277986	7p12.1	50961290	7	1e-07	NA - COBL	16.118095650958317	1154735061
rs6461299	7p21.1	17147155	7	2e-06	AHR	13.122363377404328	1120920926
rs10255565	7p13	43408191	7	1e-06	HECW1	13.815510557964274	1147181962
rs10258381	7p21.3	10057028	7	5e-06		12.206072645530174	1113830799
rs7805218	7p21.1	20339178	7	9e-09	ITGB8	18.526041259610192	1124112949
rs7795896	7q31.2	117446559	7	2e-16	CFTR	36.14821430734479	1221220330
rs17143056	7p21.1	20557306	7	2e-08	NA - EEF1A1P27	17.72753356339242	1124331077
rs10245867	7p15.1	28102567	7	3e-08	JAZF1	17.322068455284256	1131876338
rs534191848		48863732	7	5e-08		16.811242831518264	1152637503
rs148505224		117532167	7	2e-08		17.72753356339242	1221305938
rs62489382		129949957	7	5e-12		26.021583203494448	1233723728
rs62461371		44959149	7	1e-10		23.025850929940454	1148732920
rs77768351		129944187	7	8e-09		18.643824295266576	1233717958
rs12679857	8q24.12	118965098	8	4e-07	TNFRSF11B - RNU6-12P	14.73180128983843	1352688826
rs2410601	8p22	19065067	8	4e-06	PSD3	12.429216196844385	1252788795
rs4871297	8q24.13	122693916	8	2e-06	LINC01151	13.122363377404328	1356417644
rs571622299	8q21.11	72930288	8	6e-06	KCNB2	12.02375108873622	1306654016
rs35766765	8q24.22	132775726	8	3e-06	PHF20L1	12.716898269296165	1366499454
rs1947178	8q12.1	58959618	8	2e-09	TOX	20.030118656386463	1292683346
rs13259300	8q24.12	119070702	8	3e-10	COLEC10	21.927238641272343	1352794430
rs3802214	8q24.3	140606084	8	3e-08	AGO2	17.322068455284256	1374329812
rs2250903	8p23.1	11877675	8	1e-10	CTSB - OR7E158P	23.025850929940454	1245601403
rs188998530		20451062	8	8e-09		18.643824295266576	1254174790
rs575681391		76353999	8	4e-06		12.429216196844385	1310077727
rs1586135813		56693303	8	3e-08		17.322068455284256	1290417031
rs10758593	9p24.2	4292083	9	3e-06	GLIS3	12.716898269296165	1378621895
rs7020673	9p24.2	4291747	9	5e-12	GLIS3	26.021583203494448	1378621559
rs657152	9q34.2	133263862	9	1e-13	ABO, ABO	29.933606208922598	1507593674
rs1970112	9p21.3	22085599	9	1e-08	CDKN2B-AS1	18.420680743952364	1396415411
rs143723948	9p13.2	37034098	9	6e-07	PAX5	14.326336181730264	1411363910
rs12344245	9q21.12	69340801	9	9e-06	FAM189A2	11.618285980628055	1443670613
rs6476839	9p24.2	4290823	9	1e-09	GLIS3	20.72326583694641	1378620635
rs74629033	9p24.1	5421234	9	5e-06	PLGRKT	12.206072645530174	1379751046
rs10961433	9p22.3	14228472	9	2e-06	NFIB	13.122363377404328	1388558284
rs4837404	9q34.11	129743380	9	5e-06	PTGES	12.206072645530174	1504073192
rs541856133	9q34.13	133060938	9	4e-17	GTF3C5 - CEL	37.75765221977889	1507390750
rs1405209	9q31.1	99823263	9	3e-08	NR4A3, STX17-AS1	17.322068455284256	1474153075
rs224009		20324372	9	3e-09		19.624653548278303	1394654184
rs1396962964		5703334	9	5e-08		16.811242831518264	1380033146
rs72739842		71822481	9	5e-08		16.811242831518264	1446152293
rs10786436	10q24.2	98540425	10	8e-07	HPSE2	14.038654109278484	1606134099
rs1326934	10q24.1	95524324	10	6e-07	SORBS1	14.326336181730264	1603117998
rs947474	10p15.1	6348488	10	4e-09	LINC02649	19.33697147582652	1513942162
rs12251307	10p15.1	6081532	10	2e-06	RPL32P23 - RBM17	13.122363377404328	1513675206
rs11258747	10p15.1	6430929	10	1e-07	PRKCQ	16.118095650958317	1514024603
rs10509540	10q23.31	88263276	10	1.0000000000000001e-28	NA - RNLS	64.47238260383328	1595856950
rs12722495	10p15.1	6055320	10	1e-38	IL2RA	87.49823353377373	1513648994
rs113306148	10q26.13	122400322	10	3e-06	PLEKHA1	12.716898269296165	1629993996
rs117826205	10p12.31	19168458	10	6e-06	MALRD1	12.02375108873622	1526762132
rs61839660	10p15.1	6052734	10	3e-39	IL2RA	88.70220633809967	1513646408
rs10795791	10p15.1	6066377	10	6e-11	IL2RA - RPL32P23	23.53667655370645	1513660051
rs41295121	10p15.1	6087680	10	5e-08	RPL32P23 - RBM17	16.811242831518264	1513681354
rs12416116	10q23.31	88275897	10	4e-15	RNLS	33.1524820337908	1595869571
rs537544	10p14	8066419	10	9e-09	GATA3	18.526041259610192	1515660093
rs78325861	10q22.1	70618733	10	2e-11	PRF1 - ADAMTS14	24.63528884237456	1578212407
rs722988	10p11.22	33137219	10	3e-15	IATPR - NRP1	33.44016410624258	1540730893
rs1816797		60664647	10	2e-08		17.72753356339242	1568258321
rs544143586		120940685	10	2e-08		17.72753356339242	1628534359
rs10829984		131361823	10	2e-08		17.72753356339242	1638955497
rs4084127	11q13.3	69781755	11	3e-06	FGF4 - FGF3	12.716898269296165	1708737252
rs1004446	11p15.5	2148913	11	4e-09	INS-IGF2	19.33697147582652	1641104410
rs3741208	11p15.5	2148544	11	2e-07	INS-IGF2, IGF2-AS	15.424948470398377	1641104041
rs7111341	11p15.5	2191936	11	4e-48	MIR4686 - ASCL2	109.13779010259432	1641147433
rs10831551	11p15.5	2217058	11	5e-06	MIR4686 - ASCL2	12.206072645530174	1641172555
rs3842727	11p15.5	2163618	11	6e-06	INS - TH	12.02375108873622	1641119115
rs10625784	11q22.3	106323171	11	8e-07		14.038654109278484	1745278668
rs61879614	11p15.4	8058878	11	3e-06	TUB	12.716898269296165	1647014375
rs689	11p15.5	2160994	11	1e-100	INS-IGF2, INS	230.25850929940455	1641116491
rs72853903	11p15.5	2177435	11	6e-10	MIR4686 - ASCL2	21.2340914607124	1641132932
rs140215710	11p15.4	2881830	11	4e-08	KCNQ1DN - CDKN1C	17.034386382832473	1641837327
rs7936434	11q13.5	76582761	11	4e-08	EMSY - LINC02757	17.034386382832473	1715538258
rs607703	11q24.3	128734279	11	1e-10	FLI1	23.025850929940454	1767689776
rs79538630	11q12.2	60961822	11	1e-09	SLC15A3 - CD6	20.72326583694641	1699917319
rs645078	11q13.1	64367826	11	3e-09	RPS6KA4	19.624653548278303	1703323323
rs968567	11q12.2	61828092	11	8e-09	FADS1, FADS2	18.643824295266576	1700783589
rs605093	11q24.3	128734337	11	4e-09	FLI1	19.33697147582652	1767689834
rs11033048	11p13	35267496	11	2e-10	SLC1A2	22.33270374938051	1674222993
rs188260549		78403273	11	5e-09		19.11382792451231	1717358770
rs190446914		33955292	11	2e-09		20.030118656386463	1672910789
rs7128060		18269981	11	3e-39		88.70220633809967	1657225478
rs312024		68326963	11	1e-09		20.72326583694641	1707282460
rs4638289		18264227	11	4e-09		19.33697147582652	1657219724
rs2292239	12q13.2	56088396	12	3e-16	ERBB3	35.74274919923662	1823778230
rs17696736	12q24.13	112049014	12	2e-16	NAA25	36.14821430734479	1879738848
rs1701704	12q13.2	56018703	12	9e-10	IKZF4	20.828626352604235	1823708537
rs614226	12q24.31	120536707	12	2e-06	RNF10	13.122363377404328	1888226541
rs4763879	12p13.31	9757568	12	2e-11	CD69	24.63528884237456	1777447402
rs3184504	12q24.12	111446804	12	4e-07	ATXN2, SH2B3	14.73180128983843	1879136638
rs705705	12q13.2	56041720	12	3.9999999999999997e-32	RPS26	72.29642861468957	1823731554
rs653178	12q24.12	111569952	12	2e-44	ATXN2	100.62059691117808	1879259786
rs917911	12p13.31	9753255	12	2e-07	CD69	15.424948470398377	1777443089
rs7301381	12p13.31	8971336	12	5e-11	KLRG1	23.7189981105004	1776661170
rs1805731	12p13.31	8942630	12	4e-08	M6PR	17.034386382832473	1776632464
rs7313065	12q13.13	53077434	12	3e-09	SPRYD3	19.624653548278303	1820767268
rs2255593		65543332	12	7e-09		18.7773556878911	1833233166
rs2250519		65644210	12	7e-10		21.079940780885146	1833334044
rs17178006		65324519	12	1e-06		13.815510557964274	1833014353
rs539514	13q22.2	75752146	13	6e-11	LMO7	23.53667655370645	1963978687
rs9585056	13q32.3	99429512	13	3e-08	CCR12P - TM9SF2	17.322068455284256	1987656053
rs238265	13q14.11	42356523	13	2e-09	LINC02341	20.030118656386463	1930583064
rs74537115	13q14.11	42343795	13	5e-09	LINC02341	19.11382792451231	1930570336
rs10137082	14q11.2	23370824	14	6e-06	EFS - IL25	12.02375108873622	2011026877
rs941576	14q32.2	100839708	14	1e-10	MEG3	23.025850929940454	2088495761
rs878889	14q22.3	56754421	14	8e-07	NA - OTX2	14.038654109278484	2044410474
rs4900384	14q32.2	98032614	14	4e-09	LINC01550 - NA	19.33697147582652	2085688667
rs1465788	14q24.1	68796882	14	2e-12	ZFP36L1 - MAGOH3P	26.937873935368604	2056452935
rs1456988	14q32.2	98021670	14	3e-08	LINC01550 - NA	17.322068455284256	2085677723
rs56994090	14q32.2	100840110	14	1e-11	MEG3	25.328436022934504	2088496163
rs55846421	14q21.3	49843683	14	2e-09	NEMF	20.030118656386463	2037499736
rs911263	14q24.1	68286876	14	3e-08	RAD51B	17.322068455284256	2055942929
rs188683350		21746775	14	3e-09		19.624653548278303	2009402828
rs148758429		96458513	14	9e-07		13.9208710736221	2084114566
rs11157552		22383427	14	8e-13		27.85416466724276	2010039480
rs4389079		22390463	14	1e-08		18.420680743952364	2010046516
rs12437854	15q26.1	93598604	15	2e-09		20.030118656386463	2182094767
rs8035957	15q14	38546063	15	4e-06	RASGRP1	12.429216196844385	2127042226
rs3825932	15q25.1	78943104	15	8e-08	CTSH	16.34123920227253	2167439267
rs7171171	15q14	38614840	15	2e-07	RASGRP1 - LINC02694	15.424948470398377	2127111003
rs79237700	15q21.3	53449415	15	2e-06	LINC02490 - WDR72	13.122363377404328	2141945578
rs72727394	15q14	38554821	15	4e-10	RASGRP1	21.639556568820563	2127050984
rs34593439	15q25.1	78942615	15	9e-14	CTSH	30.038966724580423	2167438778
rs182087948		46441258	15	4e-09		19.33697147582652	2134937421
rs188453055		74624584	15	2e-06		13.122363377404328	2163120747
rs77081773		27596077	15	2e-08		17.72753356339242	2116092240
rs416603	16p13.13	11270222	16	3e-06	RMI2	12.716898269296165	2193364989
rs12708716	16p13.13	11086016	16	7e-13	CLEC16A	27.98769605986728	2193180783
rs2903692	16p13.13	11144926	16	7e-11	CLEC16A	23.382525873879192	2193239693
rs7202877	16q23.1	75213347	16	3e-15	CTRB2 - CTRB1	33.44016410624258	2257308114
rs12444268	16p12.3	20331250	16	2e-07	GP2 - UMOD	15.424948470398377	2202426017
rs4788084	16p11.2	28528527	16	1e-08	IL27 - NUPR1	18.420680743952364	2210623294
rs9934817	16p13.3	6086218	16	8e-06	RBFOX1	11.736069016284436	2188180985
rs151234	16p12.1	28494339	16	5e-11	CLN3	23.7189981105004	2210589106
rs12927355	16p13.13	11100914	16	3e-22	CLEC16A	49.5582597572009	2193195681
rs193778	16p13.13	11257354	16	4e-10	RMI2	21.639556568820563	2193352121
rs8056814	16q23.1	75218429	16	3e-19	CTRB2 - CTRB1	42.65050447821876	2257313196
rs1110458	16p12.2	22969144	16	8e-06	HS3ST2 - USP31	11.736069016284436	2205063911
rs4238595	16p12.3	20331769	16	2e-11	GP2 - UMOD	24.63528884237456	2202426536
rs8046043	16q23.2	80250127	16	2e-08		17.72753356339242	2262344894
rs562286756		51887655	16	2e-09		20.030118656386463	2233982422
rs187229894		61597297	16	8e-09		18.643824295266576	2243692064
rs74956101		9864106	16	9e-10		20.828626352604235	2191958873
rs117426660		73991175	16	2e-08		17.72753356339242	2256085942
rs2290400	17q21.1	39909987	17	6e-13	GSDMB	28.14184673969454	2302254881
rs16956936	17p13.1	7730374	17	5e-07	DNAH2	14.50865773852422	2270075268
rs7221109	17q21.2	40614034	17	1e-09	CCR7 - SMARCE1	20.72326583694641	2302958928
rs2872507	17q21.1	39884510	17	2e-06	ZPBP2 - GSDMB	13.122363377404328	2302229404
rs34319244	17p13.2	4424870	17	3e-06	UBE2G1 - SPNS3	12.716898269296165	2266769764
rs12453507	17q21.1	39896954	17	1e-08	ZPBP2 - GSDMB	18.420680743952364	2302241848
rs757411	17q21.2	40618898	17	1e-07	CCR7 - SMARCE1	16.118095650958317	2302963792
rs1052553	17q21.31	45996523	17	8e-08	MAPT, MAPT, MAPT	16.34123920227253	2308341417
rs2941522	17q12	39754115	17	7e-09	GRB7 - IKZF3	18.7773556878911	2302099009
rs61759532	17p13.1	7337072	17	2e-10	ACAP1	22.33270374938051	2269681966
rs11651753	17q21.32	47951723	17	1e-09	PNPO - PRR15L	20.72326583694641	2310296617
rs57209021	17q24.2	68168777	17	4e-08	RDM1P3 - ARHGAP27P2	17.034386382832473	2330513671
rs2597169	17q21.32	47956725	17	3e-09	PRR15L	19.624653548278303	2310301619
rs2542151	18p11.21	12779948	18	9e-08	LINC01882 - PTPN2	16.223456166616145	2343293619
rs763361	18q22.2	69864406	18	1e-08	CD226	18.420680743952364	2400378077
rs1893217	18p11.21	12809341	18	4e-15	PTPN2	33.1524820337908	2343323012
rs113114656	18q21.1	47872985	18	2e-06	SMAD2	13.122363377404328	2378386656
rs12971201	18p11.21	12830539	18	2e-06	PTPN2	13.122363377404328	2343344210
rs1615504	18q22.2	69859408	18	2e-11	CD226	24.63528884237456	2400373079
rs550543239		21507398	18	2e-08		17.72753356339242	2352021069
rs146427450		69571112	18	1e-10		23.025850929940454	2400084783
rs118037200		58518360	18	3e-08		17.322068455284256	2389032031
rs144833113		58389479	18	2e-07		15.424948470398377	2388903150
rs144512578		69405649	18	1e-06		13.815510557964274	2399919320
rs2304256	19p13.2	10364976	19	4e-09	TYK2	19.33697147582652	2410743053
rs425105	19q13.32	46705224	19	3e-11	PRKD2	24.229823734266397	2447083301
rs34536443	19p13.2	10352442	19	4e-15	TYK2	33.1524820337908	2410730519
rs12720356	19p13.2	10359299	19	4e-07	TYK2	14.73180128983843	2410737376
rs402072	19q13.32	46715865	19	5e-08	PRKD2	16.811242831518264	2447093942
rs516246	19q13.33	48702915	19	5e-14	FUT2	30.62675338948254	2449080992
rs752049703		36633617	19	4e-08		17.034386382832473	2437011694
rs45518931		36013582	19	1e-08		18.420680743952364	2436391659
rs189285397		37034392	19	3e-08		17.322068455284256	2437412469
rs553696081		47871241	19	2e-08		17.72753356339242	2448249318
rs7351085		31157758	19	2e-08		17.72753356339242	2431535835
rs563597519		35897277	19	2e-06		13.122363377404328	2436275354
rs6027506	20q13.33	60321657	20	5e-06	MIR646HG	12.206072645530174	2509402649
rs13045180	20q11.21	32943738	20	9e-06	EFCAB8	11.618285980628055	2482024730
rs11698685	20q13.33	60320788	20	1e-06	MIR646HG	13.815510557964274	2509401780
rs2281808	20p13	1629905	20	1e-11	SIRPG	25.328436022934504	2450710897
rs6055069	20p13	153643	20	1e-06	DEFB126 - DEFB127	13.815510557964274	2449234635
rs6043409	20p13	1635560	20	3e-10	SIRPG-AS1, SIRPG	21.927238641272343	2450716552
rs543301155		4377254	20	4e-06		12.429216196844385	2453458246
rs9976767	21q22.3	42416281	21	2e-08	UBASH3A	17.72753356339242	2551818930
rs11203203	21q22.3	42416077	21	2e-09	UBASH3A	20.030118656386463	2551818726
rs3788013	21q22.3	42421219	21	1e-07	UBASH3A	16.118095650958317	2551823868
rs67213764	21q21.1	19974842	21	9e-06	LINC01683 - NA	11.618285980628055	2529377491
rs12482425	21q21.2	23556791	21	9e-06		11.618285980628055	2532959440
rs11203202	21q22.3	42405248	21	1e-15	UBASH3A	34.538776394910684	2551807897
rs6518350	21q22.3	44201934	21	1e-07	GATD3A	16.118095650958317	2553604583
rs74203920	21q22.3	44294411	21	2e-08	AIRE	17.72753356339242	2553697060
rs56178904	21q22.3	44204668	21	7e-11	GATD3A	23.382525873879192	2553607317
rs531381284		41956642	21	2e-07		15.424948470398377	2551359291
rs1568959252		44998426	21	8e-09		18.643824295266576	2554401075
rs5753037	22q12.2	30185733	22	3e-16	HORMAD2 - LIF-AS1	35.74274919923662	2584586808
rs229541	22q12.3	37195278	22	2e-07	C1QTNF6	15.424948470398377	2591596353
rs743777	22q12.3	37155567	22	2e-06	IL2RB	13.122363377404328	2591556642
rs428595	22q11.21	21662102	22	2e-06	MIR130B - PPIL2	13.122363377404328	2576063177
rs373009901	22q12.1	25592812	22	9e-06	GRK3	11.618285980628055	2579993887
rs4820830	22q12.2	30135102	22	1e-12	HORMAD2	27.63102111592855	2584536177
rs229533	22q12.3	37191071	22	2e-08	C1QTNF6	17.72753356339242	2591592146
